,Name,Country,Lattitude,Longitude,Max Temperature (k),% Humidity,Wind Speed,Cloud Coverage,Time
0,Mataura,NZ,-46.19,168.86,294.26,47,4.02,0,22:48 04-10-2020
1,Vaini,TO,-21.2,-175.2,300.15,65,3.6,20,22:48 04-10-2020
2,Bengkulu,ID,-3.8,102.27,302.61,63,0.93,100,22:48 04-10-2020
3,Ilulissat,GL,69.22,-51.1,272.15,46,4.6,61,22:48 04-10-2020
4,Busselton,AU,-33.65,115.33,304.82,28,3.24,51,22:48 04-10-2020
5,Genhe,CN,50.78,121.52,286.3,25,2.51,0,22:48 04-10-2020
6,Pevek,RU,69.7,170.31,261.07,89,9.08,100,22:48 04-10-2020
7,Griffith,US,41.53,-87.42,280.37,65,2.27,75,22:46 04-10-2020
8,Puerto Ayora,EC,-0.74,-90.35,299.82,86,0.45,87,22:48 04-10-2020
9,Port Alfred,ZA,-33.59,26.89,291.18,87,2.77,13,22:40 04-10-2020
10,Talcahuano,CL,-36.72,-73.12,288.15,87,3.6,75,22:48 04-10-2020
11,Dikson,RU,73.51,80.55,261.01,95,4.92,91,22:48 04-10-2020
12,Saint George,US,37.1,-113.58,288.15,41,7.2,1,22:43 04-10-2020
13,São Filipe,CV,14.9,-24.5,297.12,73,3.69,76,22:48 04-10-2020
14,Flinders,AU,-34.58,150.86,298.71,38,14.4,40,22:48 04-10-2020
15,Longyearbyen,SJ,78.22,15.64,251.15,76,2.6,20,22:48 04-10-2020
16,Jimaní,DO,18.49,-71.85,301.15,74,1.0,71,22:48 04-10-2020
17,Pravokubanskiy,RU,43.92,41.88,277.57,53,1.77,6,22:48 04-10-2020
18,Butaritari,KI,3.07,172.79,302.43,73,3.86,60,22:48 04-10-2020
19,Jamestown,US,42.1,-79.24,277.15,80,3.1,90,22:43 04-10-2020
20,Yellowknife,CA,62.46,-114.35,265.15,72,4.6,75,22:48 04-10-2020
21,Saint-Philippe,RE,-21.36,55.77,298.15,73,4.1,39,22:48 04-10-2020
22,Klaksvík,FO,62.23,-6.59,281.15,100,3.1,100,22:48 04-10-2020
23,Balkanabat,TM,39.51,54.37,286.38,47,0.15,66,22:48 04-10-2020
24,Oktyabr'skiy,RU,54.48,53.47,276.49,71,4.39,28,22:48 04-10-2020
25,Ushuaia,AR,-54.8,-68.3,278.15,81,2.6,20,22:43 04-10-2020
26,Ucluelet,CA,48.93,-125.55,286.48,85,0.89,2,22:43 04-10-2020
27,Punta Arenas,CL,-53.15,-70.92,278.15,80,6.2,20,22:45 04-10-2020
28,Hermanus,ZA,-34.42,19.23,289.82,90,2.24,99,22:39 04-10-2020
29,Sandy Bay,AU,-42.91,147.35,287.04,58,9.3,75,22:48 04-10-2020
30,Hīt,IQ,33.64,42.83,290.37,44,2.43,22,22:48 04-10-2020
31,Gmina Strzelin,PL,50.78,17.06,279.26,66,1.0,75,22:48 04-10-2020
32,Puerto Barrios,GT,15.72,-88.6,298.71,71,2.24,56,22:48 04-10-2020
33,Leningradskiy,RU,69.38,178.42,263.96,89,3.47,92,22:48 04-10-2020
34,Hobart,AU,-42.88,147.33,287.04,58,9.3,75,22:46 04-10-2020
35,Arraial do Cabo,BR,-22.97,-42.03,294.15,94,0.5,75,22:48 04-10-2020
36,Zhangaözen,KZ,43.3,52.8,280.45,54,1.78,2,22:48 04-10-2020
37,Gariadhar,IN,21.53,71.58,304.09,27,3.49,0,22:48 04-10-2020
38,Zavitinsk,RU,50.12,129.45,283.23,43,3.27,21,22:48 04-10-2020
39,San Juan de Arama,CO,3.35,-73.89,294.69,72,1.7,97,22:48 04-10-2020
40,Behshahr,IR,36.69,53.55,283.15,87,2.1,90,22:48 04-10-2020
41,New Norfolk,AU,-42.78,147.06,287.04,58,9.3,75,22:48 04-10-2020
42,Upernavik,GL,72.79,-56.15,261.42,85,4.37,0,22:48 04-10-2020
43,Liuzhou,CN,24.31,109.39,295.59,84,1.8,100,22:45 04-10-2020
44,Okato,NZ,-39.2,173.88,292.04,54,2.24,3,22:48 04-10-2020
45,Birao,CF,10.28,22.79,299.36,24,1.4,75,22:44 04-10-2020
46,Zhigansk,RU,66.77,123.37,272.26,95,7.12,33,22:48 04-10-2020
47,Cotia,BR,-23.67,-46.95,290.37,82,2.6,75,22:48 04-10-2020
48,Olafsvik,IS,64.89,-23.71,275.63,81,6.91,22,22:48 04-10-2020
49,Nikolskoye,RU,59.7,30.79,273.15,96,5.0,75,22:48 04-10-2020
50,Bluff,NZ,-46.6,168.33,294.26,47,4.02,1,22:48 04-10-2020
51,Mar del Plata,AR,-38.0,-57.56,286.15,82,3.1,0,22:43 04-10-2020
52,Lebu,CL,-37.62,-73.65,286.86,86,5.26,70,22:48 04-10-2020
53,Constitución,CL,-35.33,-72.42,285.82,89,3.96,100,22:48 04-10-2020
54,Vangaindrano,MG,-23.35,47.6,294.83,92,1.68,39,22:48 04-10-2020
55,Tuktoyaktuk,CA,69.45,-133.04,261.15,72,2.6,20,22:48 04-10-2020
56,Mahébourg,MU,-20.41,57.7,298.15,83,3.1,40,22:48 04-10-2020
57,Avarua,CK,-21.21,-159.78,302.15,83,4.1,100,22:48 04-10-2020
58,Waharoa,NZ,-37.77,175.77,295.37,66,0.89,0,22:48 04-10-2020
59,Korla,CN,41.76,86.15,289.91,19,2.64,66,22:48 04-10-2020
60,Mtwara,TZ,-10.27,40.18,297.15,94,5.7,40,22:46 04-10-2020
61,Saint Paul Harbor,US,57.79,-152.41,277.15,69,4.1,1,22:48 04-10-2020
62,Troitsko-Pechorsk,RU,62.71,56.2,270.97,94,3.63,97,22:48 04-10-2020
63,Bredasdorp,ZA,-34.53,20.04,290.15,82,3.6,100,22:48 04-10-2020
64,Albany,US,42.6,-73.97,278.15,60,6.2,75,22:48 04-10-2020
65,Kaitangata,NZ,-46.28,169.85,290.49,52,2.39,0,22:48 04-10-2020
66,Arrondissement d'Arcachon,FR,44.59,-1.05,283.15,93,2.1,96,22:48 04-10-2020
67,Pa Daet,TH,19.5,99.99,302.04,61,2.6,15,22:48 04-10-2020
68,Terrace,CA,54.52,-128.6,283.15,25,7.7,20,22:48 04-10-2020
69,Deputatsky,RU,69.3,139.9,267.95,89,10.03,18,22:48 04-10-2020
70,Rikitea,PF,-23.12,-134.97,298.51,74,4.41,14,22:48 04-10-2020
71,Provideniya,RU,64.38,-173.3,263.91,94,6.03,100,22:48 04-10-2020
72,Champerico,GT,14.3,-91.92,301.88,73,4.24,85,22:48 04-10-2020
73,Mariental,NA,-24.63,17.97,294.43,43,3.72,3,22:48 04-10-2020
74,Alexandria,EG,31.22,29.96,288.15,72,4.1,40,22:43 04-10-2020
75,Saskylakh,RU,71.92,114.08,272.44,94,9.23,86,22:48 04-10-2020
76,Gus-Zheleznyy,RU,55.06,41.17,273.17,92,2.04,14,22:48 04-10-2020
77,Los Llanos de Aridane,ES,28.66,-17.92,293.15,82,3.1,40,22:48 04-10-2020
78,Waverly,US,42.74,-84.62,276.48,55,3.6,90,22:48 04-10-2020
79,Cabo San Lucas,MX,22.89,-109.91,294.82,60,4.6,75,22:46 04-10-2020
80,Sawtell,AU,-30.38,153.1,297.59,53,4.1,82,22:48 04-10-2020
81,Vao,NC,-22.67,167.48,296.63,73,4.46,99,22:48 04-10-2020
82,Torbay,CA,47.67,-52.73,277.15,93,3.6,90,22:48 04-10-2020
83,Galveston,US,29.37,-94.97,294.82,60,3.6,1,22:44 04-10-2020
84,Anadyr,RU,64.75,177.48,258.15,77,7.0,32,22:48 04-10-2020
85,Palmer,US,42.16,-72.33,279.15,64,2.6,20,22:48 04-10-2020
86,Shuyskoye,RU,59.37,41.03,270.27,93,1.59,0,22:48 04-10-2020
87,Chokurdakh,RU,70.63,147.92,269.24,96,7.15,39,22:48 04-10-2020
88,Faanui,PF,-16.48,-151.75,301.84,70,2.6,94,22:48 04-10-2020
89,Ixtapa,MX,20.7,-105.2,298.15,78,2.1,40,22:48 04-10-2020
90,Hasaki,JP,35.73,140.83,290.37,37,3.1,20,22:48 04-10-2020
91,Diamantina,BR,-18.25,-43.6,289.52,74,1.83,67,22:48 04-10-2020
92,Puerto Peñasco,MX,31.32,-113.53,292.04,56,3.58,15,22:48 04-10-2020
93,Atuona,PF,-9.8,-139.03,301.18,75,5.07,84,22:48 04-10-2020
94,Sijunjung,ID,-0.69,100.95,301.29,68,1.0,76,22:48 04-10-2020
95,Talnakh,RU,69.49,88.4,265.15,78,8.0,20,22:48 04-10-2020
96,Puerto El Triunfo,SV,13.28,-88.55,302.15,79,1.5,0,22:48 04-10-2020
97,Nueve de Julio,AR,-35.44,-60.88,287.04,78,1.34,0,22:48 04-10-2020
98,Hilo,US,19.73,-155.09,297.15,88,2.1,90,22:48 04-10-2020
99,Dwārka,IN,22.24,68.97,299.21,75,4.27,0,22:48 04-10-2020
100,Tasiilaq,GL,65.61,-37.64,269.15,53,1.0,99,22:48 04-10-2020
101,Hay River,CA,60.82,-115.8,268.15,67,5.7,75,22:48 04-10-2020
102,Olinda,BR,-8.01,-34.86,302.15,79,2.1,40,22:45 04-10-2020
103,Aklavik,CA,68.22,-135.01,267.15,53,3.6,75,22:48 04-10-2020
104,Vanimo,PG,-2.67,141.3,302.93,68,3.02,100,22:48 04-10-2020
105,Pangnirtung,CA,66.15,-65.71,263.0,79,2.04,96,22:48 04-10-2020
106,Shelburne,CA,44.08,-80.2,274.26,87,1.5,1,22:48 04-10-2020
107,Petra,JO,30.32,35.48,280.23,64,2.89,41,22:48 04-10-2020
108,Cape Town,ZA,-33.93,18.42,290.15,93,4.6,40,22:39 04-10-2020
109,Valdivia,CL,-39.81,-73.25,284.15,100,1.0,40,22:48 04-10-2020
110,Porto Nacional,BR,-10.71,-48.42,298.15,94,2.1,75,22:48 04-10-2020
111,Takāb,IR,36.4,47.11,277.28,42,2.16,62,22:48 04-10-2020
112,Barrow,US,71.29,-156.79,255.15,70,5.1,90,22:48 04-10-2020
113,São Gonçalo do Amarante,BR,-3.61,-38.97,301.15,83,2.1,75,22:46 04-10-2020
114,Carnarvon,AU,-24.87,113.63,301.15,69,3.6,32,22:48 04-10-2020
115,Hobyo,SO,5.35,48.53,301.17,66,3.48,51,22:48 04-10-2020
116,Khatanga,RU,71.97,102.5,270.01,95,11.9,96,22:48 04-10-2020
117,Buraidah,SA,26.33,43.98,291.15,42,4.1,24,22:48 04-10-2020
118,Zlobin,HR,45.29,14.65,285.37,47,0.89,0,22:48 04-10-2020
119,Kulhudhuffushi,MV,6.62,73.07,302.42,66,2.65,25,22:48 04-10-2020
120,Husavik,IS,66.04,-17.34,271.15,92,4.1,40,22:48 04-10-2020
121,Lüderitz,NA,-26.65,15.16,286.15,82,1.0,0,22:48 04-10-2020
122,Emba,KZ,48.83,58.14,279.99,62,5.36,99,22:48 04-10-2020
123,Sitka,US,57.05,-135.33,281.15,36,2.1,1,22:48 04-10-2020
124,Melito di Porto Salvo,IT,37.92,15.77,287.59,82,1.5,5,22:48 04-10-2020
125,Plettenberg Bay,ZA,-34.05,23.37,290.61,48,1.64,39,22:48 04-10-2020
126,Tuatapere,NZ,-46.13,167.68,294.26,47,4.02,2,22:48 04-10-2020
127,Léo,BF,11.1,-2.1,299.64,50,2.24,16,22:48 04-10-2020
128,Qaanaaq,GL,77.48,-69.36,257.73,74,3.44,43,22:48 04-10-2020
129,Castro,BR,-24.79,-50.01,286.22,72,2.4,42,22:48 04-10-2020
130,Guerrero Negro,MX,27.98,-114.06,288.95,64,7.09,1,22:48 04-10-2020
131,Lixouri,GR,38.2,20.43,282.04,52,3.35,0,22:48 04-10-2020
132,Ahipara,NZ,-35.17,173.17,291.67,66,3.08,36,22:48 04-10-2020
133,Fairbanks,US,64.84,-147.72,277.15,80,6.2,90,22:48 04-10-2020
134,Tessalit,ML,20.2,1.01,299.24,14,3.4,40,22:48 04-10-2020
135,Marfino,RU,55.7,37.38,273.15,80,2.0,67,22:48 04-10-2020
136,Thompson,CA,55.74,-97.86,272.15,58,1.0,90,22:48 04-10-2020
137,Minbu,MM,20.18,94.88,307.13,30,1.13,68,22:48 04-10-2020
138,Chui,UY,-33.7,-53.46,289.42,83,1.89,0,22:48 04-10-2020
139,Henties Bay,NA,-22.12,14.28,296.66,50,2.18,28,22:48 04-10-2020
140,Cherskiy,RU,68.75,161.3,264.21,95,8.25,100,22:48 04-10-2020
141,San Patricio,MX,19.22,-104.7,298.6,60,5.74,0,22:48 04-10-2020
142,Esperance,AU,-33.87,121.9,295.15,60,4.1,27,22:48 04-10-2020
143,George Town,MY,5.41,100.34,304.15,74,3.1,20,22:48 04-10-2020
144,Hithadhoo,MV,-0.6,73.08,302.42,63,3.89,16,22:48 04-10-2020
145,Birobidzhan,RU,48.8,132.95,283.29,41,2.27,11,22:48 04-10-2020
146,Polūr,IN,12.5,79.13,301.62,61,2.1,15,22:48 04-10-2020
147,Mossamedes,AO,-15.2,12.15,297.15,62,3.41,77,22:48 04-10-2020
148,Port Elizabeth,ZA,-33.92,25.57,286.15,100,1.0,7,22:48 04-10-2020
149,Sorgun,TR,39.81,35.19,273.59,55,1.13,0,22:48 04-10-2020
150,Port Blair,IN,11.67,92.75,301.7,66,3.51,29,22:48 04-10-2020
151,Cidreira,BR,-30.18,-50.21,290.22,82,1.95,7,22:48 04-10-2020
152,Vardø,NO,70.37,31.11,271.5,90,9.36,100,22:48 04-10-2020
153,Jardim do Seridó,BR,-6.58,-36.77,297.6,74,4.53,63,22:48 04-10-2020
154,Lakewood,US,39.7,-105.08,289.82,22,3.1,1,22:45 04-10-2020
155,Yerofey Pavlovich,RU,53.97,121.97,284.74,40,1.09,0,22:48 04-10-2020
156,Bethel,US,41.37,-73.41,280.37,48,5.1,90,22:43 04-10-2020
157,Sørland,NO,67.67,12.69,274.2,82,5.73,100,22:48 04-10-2020
158,Chiplūn,IN,17.53,73.52,305.85,37,0.3,26,22:48 04-10-2020
159,Quime,BO,-16.98,-67.22,282.4,33,0.12,14,22:48 04-10-2020
160,Yulara,AU,-25.24,130.99,301.15,18,2.1,9,22:48 04-10-2020
161,Amapá,BR,1.0,-52.0,295.59,90,0.29,100,22:48 04-10-2020
162,Laje,BR,-10.18,-40.97,294.93,71,0.8,99,22:48 04-10-2020
163,Karatau,KZ,43.17,70.47,282.68,47,3.19,90,22:48 04-10-2020
164,Tual,ID,-5.67,132.75,301.9,72,3.27,7,22:48 04-10-2020
165,Tromsø,NO,69.65,18.96,270.15,92,10.3,90,22:46 04-10-2020
166,Baykit,RU,61.67,96.37,274.27,84,2.74,92,22:48 04-10-2020
167,Great Falls,US,47.5,-111.3,282.15,49,3.1,90,22:48 04-10-2020
168,Kapaa,US,22.08,-159.32,299.15,65,3.1,75,22:48 04-10-2020
169,Poso,ID,-1.4,120.75,303.45,61,1.79,28,22:48 04-10-2020
170,Parbhani,IN,19.27,76.78,306.67,18,2.78,26,22:48 04-10-2020
171,Misratah,LY,32.38,15.09,288.77,59,2.64,67,22:48 04-10-2020
172,Cape Canaveral,US,28.41,-80.6,294.82,60,3.6,1,22:45 04-10-2020
173,Kenai,US,60.55,-151.26,278.15,40,3.6,1,22:46 04-10-2020
174,Agara,GE,42.04,43.82,278.86,66,2.88,100,22:48 04-10-2020
175,Katsuura,JP,35.13,140.3,288.71,44,4.1,20,22:48 04-10-2020
176,Pirapora,BR,-17.34,-44.94,293.9,80,1.0,5,22:48 04-10-2020
177,East London,ZA,-33.02,27.91,292.83,81,3.25,1,22:48 04-10-2020
178,Canutama,BR,-6.53,-64.38,296.81,85,0.45,85,22:48 04-10-2020
179,Kashgar,CN,39.45,75.98,288.15,16,3.0,20,22:48 04-10-2020
180,Licheng,CN,23.3,113.83,297.59,73,1.0,90,22:48 04-10-2020
181,Udachny,RU,66.42,112.4,272.15,54,5.0,93,22:48 04-10-2020
182,Elbistan,TR,38.21,37.2,276.77,45,2.69,10,22:48 04-10-2020
183,Lata,PT,40.16,-8.33,287.15,87,1.5,75,22:48 04-10-2020
184,Strängnäs,SE,59.38,17.03,273.15,73,0.5,0,22:48 04-10-2020
185,Teya,RU,60.38,92.63,274.25,84,2.73,100,22:48 04-10-2020
186,Alta Floresta,BR,-9.88,-56.09,295.59,86,0.68,95,22:44 04-10-2020
187,Soyo,AO,-6.13,12.37,298.9,88,2.82,89,22:48 04-10-2020
188,Meïganga,CM,6.52,14.3,292.79,69,2.5,100,22:48 04-10-2020
189,Hualmay,PE,-11.1,-77.61,295.55,79,3.43,3,22:48 04-10-2020
190,Paredon,MX,16.03,-93.87,302.08,63,1.05,19,22:48 04-10-2020
191,Mareeba,AU,-17.0,145.43,304.26,62,3.1,90,22:48 04-10-2020
192,Traiguén,CL,-38.25,-72.68,285.95,85,1.63,96,22:48 04-10-2020
193,Anamur,TR,36.08,32.84,288.61,52,2.72,0,22:48 04-10-2020
194,Azovo,RU,54.7,73.02,276.15,86,2.0,0,22:48 04-10-2020
195,Sibu,MY,2.3,111.82,300.15,88,1.0,75,22:48 04-10-2020
196,Bubaque,GW,11.28,-15.83,298.65,80,4.63,10,22:48 04-10-2020
197,Qaqortoq,GL,60.72,-46.03,281.15,22,11.8,100,22:48 04-10-2020
198,Teberda,RU,43.45,41.74,273.99,49,2.45,32,22:48 04-10-2020
199,Airai,TL,-8.93,125.41,293.08,65,0.5,58,22:48 04-10-2020
200,Naze,JP,28.37,129.48,295.15,53,3.1,75,22:48 04-10-2020
201,Goderich,CA,43.75,-81.72,276.48,75,4.73,68,22:48 04-10-2020
202,Fortuna,US,40.6,-124.16,287.04,93,4.6,90,22:48 04-10-2020
203,Shache,CN,38.42,77.24,290.67,15,3.77,100,22:48 04-10-2020
204,Gravdal,NO,68.12,13.5,274.36,83,6.91,100,22:48 04-10-2020
205,Awjilah,LY,29.11,21.29,285.48,69,3.9,0,22:48 04-10-2020
206,Entebbe,UG,0.06,32.45,297.15,83,7.7,75,22:48 04-10-2020
207,Beāwar,IN,26.1,74.32,303.18,17,2.32,26,22:48 04-10-2020
208,Panabá,MX,21.28,-88.27,298.62,65,3.25,5,22:48 04-10-2020
209,Chul'man,RU,56.85,124.91,275.8,66,2.44,95,22:48 04-10-2020
210,Gdov,RU,58.74,27.81,272.78,94,4.86,37,22:43 04-10-2020
211,Guadalupe Victoria,MX,32.29,-115.11,290.15,82,5.7,90,22:48 04-10-2020
212,Mount Gambier,AU,-37.83,140.77,286.15,58,11.8,90,22:48 04-10-2020
213,Pueblo Nuevo,MX,17.1,-92.88,305.15,40,6.2,90,22:48 04-10-2020
214,Kavaratti,IN,10.57,72.64,302.45,70,3.3,38,22:48 04-10-2020
215,Portland,US,45.52,-122.68,292.15,52,5.7,20,22:48 04-10-2020
216,Río Gallegos,AR,-51.62,-69.22,280.15,70,3.1,91,22:48 04-10-2020
217,Narsaq,GL,60.92,-46.05,281.15,22,11.8,100,22:48 04-10-2020
218,Price,US,39.6,-110.81,285.15,20,2.6,1,22:48 04-10-2020
219,Geraldton,AU,-28.77,114.6,307.59,18,4.6,97,22:48 04-10-2020
220,Sterling,US,39.01,-77.43,280.37,38,4.6,20,22:48 04-10-2020
221,Tucuruí,BR,-3.77,-49.67,297.09,93,1.96,100,22:48 04-10-2020
222,Ponta do Sol,PT,32.67,-17.1,292.15,68,5.1,20,22:45 04-10-2020
223,Nome,US,64.5,-165.41,273.15,97,5.1,90,22:45 04-10-2020
224,Sorong,ID,-0.88,131.25,304.3,61,1.35,32,22:43 04-10-2020
225,Bambous Virieux,MU,-20.34,57.76,298.15,83,3.1,40,22:48 04-10-2020
226,Morondava,MG,-20.28,44.28,297.95,76,1.97,0,22:48 04-10-2020
227,Port Keats,AU,-14.25,129.55,301.81,68,5.16,81,22:48 04-10-2020
228,Mackay,AU,-21.15,149.2,303.15,65,4.6,73,22:48 04-10-2020
229,Port Antonio,JM,18.18,-76.46,301.15,78,2.6,20,22:48 04-10-2020
230,Bac Lieu,VN,9.29,105.72,303.86,59,5.73,80,22:48 04-10-2020
231,Kyshtovka,RU,56.55,76.63,275.81,94,3.31,96,22:48 04-10-2020
232,Sioux Lookout,CA,50.1,-91.92,277.15,64,1.0,90,22:48 04-10-2020
233,Lavrentiya,RU,65.58,-171.0,264.18,95,3.91,98,22:48 04-10-2020
234,Cavalcante,BR,-13.8,-47.46,294.69,64,0.89,98,22:44 04-10-2020
235,Mitú,CO,1.2,-70.17,294.84,93,0.55,100,22:48 04-10-2020
236,Peleduy,RU,59.63,112.74,280.44,69,0.52,99,22:48 04-10-2020
237,Pisco,PE,-13.7,-76.22,295.37,83,3.6,0,22:48 04-10-2020
238,Westport,US,41.14,-73.36,280.93,48,5.1,90,22:46 04-10-2020
239,Lloydminster,CA,53.28,-110.0,272.15,54,6.2,20,22:45 04-10-2020
240,Cockburn Town,TC,21.46,-71.14,299.12,74,1.82,68,22:44 04-10-2020
241,Hanzhong,CN,33.07,107.03,290.24,36,3.04,97,22:48 04-10-2020
242,Caravelas,BR,-17.71,-39.25,298.13,87,4.91,40,22:48 04-10-2020
243,Kahului,US,20.89,-156.47,300.15,51,7.2,40,22:48 04-10-2020
244,Half Moon Bay,US,37.46,-122.43,289.26,87,4.6,75,22:48 04-10-2020
245,Sinnamary,GF,5.38,-52.95,299.46,82,5.25,95,22:48 04-10-2020
246,Natal,BR,-5.79,-35.21,301.15,83,1.5,40,22:48 04-10-2020
247,Gushikawa,JP,26.35,127.87,296.15,60,7.2,40,22:48 04-10-2020
248,Dawlatabad,AF,36.41,64.91,290.37,50,1.18,100,22:48 04-10-2020
249,Feira Nova,BR,-7.95,-35.39,302.15,79,2.1,40,22:48 04-10-2020
250,Raahe,FI,64.68,24.48,270.15,79,3.1,20,22:48 04-10-2020
251,De-Kastri,RU,51.47,140.78,273.88,85,1.01,0,22:48 04-10-2020
252,Talaya,RU,61.38,152.75,269.43,84,3.62,14,22:48 04-10-2020
253,Sambava,MG,-14.27,50.17,296.93,86,4.05,27,22:48 04-10-2020
254,Skjervøy,NO,70.03,20.97,272.36,96,10.17,100,22:48 04-10-2020
255,Tura,IN,25.52,90.22,303.93,24,2.68,0,22:48 04-10-2020
256,Heishan,CN,41.69,122.11,290.62,23,3.77,0,22:48 04-10-2020
257,Arrondissement de Morlaix,FR,48.58,-4.0,285.15,76,1.34,0,22:48 04-10-2020
258,Byron Bay,AU,-28.65,153.62,301.15,48,6.2,40,22:46 04-10-2020
259,Ouésso,CG,1.61,16.05,295.98,85,1.45,99,22:48 04-10-2020
260,Lagoa,PT,39.05,-27.98,289.33,72,2.95,93,22:48 04-10-2020
261,Zholymbet,KZ,51.74,71.71,278.3,64,2.71,0,22:48 04-10-2020
262,Sabang,ID,5.89,95.32,302.43,74,5.64,37,22:48 04-10-2020
263,Salinópolis,BR,-0.61,-47.36,300.28,83,4.08,99,22:48 04-10-2020
264,Mildura,AU,-34.2,142.15,292.15,48,7.7,75,22:48 04-10-2020
265,Mananjary,MG,-21.22,48.33,295.97,87,2.71,22,22:48 04-10-2020
266,Tautira,PF,-17.73,-149.15,303.15,66,2.1,100,22:48 04-10-2020
267,Luwingu,ZM,-10.26,29.93,287.85,66,2.77,59,22:48 04-10-2020
268,Coyhaique,CL,-45.58,-72.07,280.15,87,2.6,90,22:48 04-10-2020
269,Shirwal,IN,18.13,73.98,303.81,22,1.4,26,22:48 04-10-2020
270,León,MX,21.12,-101.67,299.15,15,4.1,75,22:48 04-10-2020
271,Kalmunai,LK,7.42,81.82,302.75,63,3.44,13,22:48 04-10-2020
272,Havelock,US,34.88,-76.9,284.15,52,2.1,1,22:48 04-10-2020
273,Atambua,ID,-9.11,124.89,300.49,64,1.0,22,22:48 04-10-2020
274,Rawson,AR,-43.3,-65.1,294.05,44,7.15,60,22:48 04-10-2020
275,Shingū,JP,33.73,135.98,286.15,47,4.6,75,22:48 04-10-2020
276,Rio Grande,BR,-32.03,-52.1,290.78,80,3.27,0,22:47 04-10-2020
277,Kavieng,PG,-2.57,150.8,302.28,73,3.33,86,22:48 04-10-2020
278,Beringovskiy,RU,63.05,179.32,261.79,94,7.4,100,22:48 04-10-2020
279,Cabedelo,BR,-6.98,-34.83,299.15,94,1.5,20,22:48 04-10-2020
280,Lamu,KE,-2.27,40.9,300.33,83,5.29,80,22:48 04-10-2020
281,Nueva Armenia,HN,15.8,-86.5,299.99,76,4.36,0,22:48 04-10-2020
282,Nanortalik,GL,60.14,-45.24,273.3,90,2.02,100,22:48 04-10-2020
283,Rio Claro,BR,-22.41,-47.56,288.15,82,1.0,19,22:48 04-10-2020
284,Lodja,CD,-3.48,23.43,294.08,85,0.86,90,22:48 04-10-2020
285,Touros,BR,-5.2,-35.46,299.15,88,1.5,40,22:48 04-10-2020
286,Sola,VU,-13.88,167.55,300.18,73,5.49,64,22:48 04-10-2020
287,San Fernando,PH,15.03,120.69,305.15,59,1.0,75,22:48 04-10-2020
288,Along,IN,28.17,94.77,300.56,29,0.46,0,22:48 04-10-2020
289,Touba,CI,8.28,-7.68,296.86,70,1.53,87,22:48 04-10-2020
290,Córdoba,AR,-31.41,-64.18,289.82,87,3.1,0,22:44 04-10-2020
291,Kiryat Gat,IL,31.61,34.76,287.15,87,3.6,75,22:48 04-10-2020
292,Muravlenko,RU,63.79,74.52,274.89,96,8.71,100,22:48 04-10-2020
293,Safi,MA,32.3,-9.24,289.52,83,5.9,84,22:48 04-10-2020
294,Omsukchan,RU,62.53,155.8,264.4,87,4.0,90,22:48 04-10-2020
295,Saint-Paul,RE,-21.01,55.27,298.15,78,5.1,40,22:48 04-10-2020
296,Nador,MA,35.17,-2.93,287.15,87,1.0,19,22:41 04-10-2020
297,Dicabisagan,PH,17.08,122.42,300.41,70,1.39,84,22:48 04-10-2020
298,Itarema,BR,-2.92,-39.92,298.72,86,1.64,100,22:48 04-10-2020
299,Port Lincoln,AU,-34.73,135.87,290.02,63,7.11,70,22:47 04-10-2020
300,Pālang,BD,23.22,90.35,302.15,66,2.6,20,22:48 04-10-2020
301,Mongo,TD,12.18,18.69,303.0,12,4.38,98,22:48 04-10-2020
302,‘Āhuimanu,US,21.44,-157.84,301.15,51,4.1,75,22:48 04-10-2020
303,Tiksi,RU,71.69,128.87,269.57,93,14.87,89,22:48 04-10-2020
304,Lompoc,US,34.64,-120.46,288.15,82,5.1,1,22:48 04-10-2020
305,Cayenne,GF,4.93,-52.33,300.15,88,1.0,95,22:48 04-10-2020
306,Loksa,EE,59.58,25.72,274.26,74,3.6,0,22:48 04-10-2020
307,Kysyl-Syr,RU,63.9,122.76,273.99,88,4.27,38,22:48 04-10-2020
308,Ampanihy,MG,-24.7,44.75,293.61,83,4.33,1,22:48 04-10-2020
309,Camaná,PE,-16.62,-72.71,295.42,78,2.78,91,22:48 04-10-2020
310,Clarence Town,AU,-32.58,151.78,298.71,38,10.8,4,22:48 04-10-2020
311,Yangi Marg`ilon,UZ,40.43,71.72,284.15,50,1.42,100,22:48 04-10-2020
312,San Cristobal,VE,7.77,-72.22,293.71,62,0.93,69,22:48 04-10-2020
313,Severo-Kuril'sk,RU,50.68,156.12,272.92,94,2.21,52,22:48 04-10-2020
314,Kargasok,RU,59.06,80.86,273.73,92,3.67,3,22:48 04-10-2020
315,Dalbandin,PK,28.89,64.41,298.46,23,2.98,100,22:44 04-10-2020
316,Yakeshi,CN,49.28,120.73,285.97,26,4.06,0,22:48 04-10-2020
317,Hastings,GB,50.86,0.57,287.04,93,4.1,29,22:48 04-10-2020
318,Gogrial,SS,8.53,28.1,300.55,58,1.6,80,22:48 04-10-2020
319,Calabar,NG,4.95,8.32,298.92,87,0.73,100,22:48 04-10-2020
320,Hong Kong,HK,22.29,114.16,298.15,83,2.1,40,22:47 04-10-2020
321,Doha,QA,25.29,51.53,305.37,24,8.7,100,22:38 04-10-2020
322,Elko,US,41.0,-115.5,287.15,28,3.1,1,22:48 04-10-2020
323,Huarmey,PE,-10.07,-78.15,296.83,75,3.49,41,22:48 04-10-2020
324,Saint Anthony,US,45.02,-93.22,279.82,41,2.01,1,22:47 04-10-2020
325,Walvis Bay,NA,-22.96,14.51,296.4,37,4.19,93,22:48 04-10-2020
326,Abalak,RU,58.13,68.59,277.27,87,2.98,31,22:48 04-10-2020
327,Autazes,BR,-3.58,-59.13,297.43,89,0.32,26,22:48 04-10-2020
328,Enshi,CN,30.3,109.48,287.59,66,0.7,100,22:48 04-10-2020
329,Ostrovnoy,RU,68.05,39.51,261.87,95,4.02,56,22:48 04-10-2020
330,Laas,IT,46.62,10.7,282.59,41,1.0,5,22:48 04-10-2020
331,Auki,SB,-8.77,160.7,302.07,71,0.93,76,22:48 04-10-2020
332,Inhambane,MZ,-23.86,35.38,294.5,76,2.0,5,22:48 04-10-2020
333,Faya,SA,18.39,42.45,291.15,77,4.1,66,22:48 04-10-2020
334,Nioro,GM,13.35,-15.75,295.05,62,3.02,0,22:46 04-10-2020
335,Kununurra,AU,-15.77,128.73,299.15,69,3.6,100,22:48 04-10-2020
336,Sayyan,YE,15.17,44.32,287.13,43,1.53,2,22:48 04-10-2020
337,Bagdarin,RU,54.43,113.6,284.58,28,1.09,0,22:48 04-10-2020
338,Dunedin,NZ,-45.87,170.5,287.59,76,5.81,0,22:46 04-10-2020
339,Beloha,MG,-25.17,45.05,294.4,84,6.12,19,22:48 04-10-2020
340,Isangel,VU,-19.55,169.27,298.92,59,4.14,64,22:48 04-10-2020
341,Rodino,RU,52.5,80.25,279.03,59,3.57,0,22:48 04-10-2020
342,Chenzhou,CN,25.8,113.03,286.6,83,3.72,100,22:48 04-10-2020
343,Quatre Cocos,MU,-20.21,57.76,298.15,83,3.1,40,22:48 04-10-2020
344,Kiunga,PG,-6.12,141.29,307.52,50,1.23,93,22:48 04-10-2020
345,Kuah,MY,6.33,99.84,304.15,70,2.6,20,22:48 04-10-2020
346,Kalat,PK,29.02,66.59,289.82,21,0.66,92,22:48 04-10-2020
347,Khandyga,RU,62.67,135.6,275.35,86,5.43,56,22:48 04-10-2020
348,Poykovskiy,RU,61.23,73.33,276.15,74,5.0,99,22:48 04-10-2020
349,Dillon,US,34.42,-79.37,282.59,75,1.5,1,22:48 04-10-2020
350,Santana,BR,-0.06,-51.18,299.15,100,1.0,75,22:48 04-10-2020
351,Lorengau,PG,-2.02,147.27,302.0,73,1.72,65,22:48 04-10-2020
352,Vila,PT,42.03,-8.16,287.59,100,0.5,75,22:48 04-10-2020
353,Muzhi,RU,65.37,64.67,275.21,97,5.68,100,22:48 04-10-2020
354,Bereket,TM,39.24,55.52,286.73,50,1.19,88,22:48 04-10-2020
355,Province of Mantua,IT,45.17,10.78,286.48,57,2.1,0,22:48 04-10-2020
356,Barabinsk,RU,55.36,78.36,274.13,91,3.47,99,22:48 04-10-2020
357,Gao,ML,16.64,1.64,301.73,23,4.95,98,22:48 04-10-2020
358,Norman Wells,CA,65.28,-126.83,272.15,36,1.95,75,22:48 04-10-2020
359,Sobolevo,RU,54.43,31.9,275.21,78,2.7,99,22:48 04-10-2020
360,Birjand,IR,32.87,59.22,287.15,82,6.2,90,22:48 04-10-2020
361,Gull Lake,CA,50.1,-108.48,273.15,67,5.7,75,22:48 04-10-2020
362,Aldan,RU,58.6,125.39,273.36,69,1.8,100,22:48 04-10-2020
363,St. Pete Beach,US,27.73,-82.74,296.48,69,4.1,1,22:48 04-10-2020
364,Laguna,US,38.42,-121.42,292.59,63,5.1,1,22:48 04-10-2020
365,Oruzgan,AF,32.83,66.0,287.0,34,0.47,100,22:48 04-10-2020
366,Hofn,IS,64.25,-15.21,279.02,88,4.76,100,22:48 04-10-2020
367,Burnie,AU,-41.07,145.92,289.82,50,7.6,30,22:48 04-10-2020
368,Mahenge,TZ,-8.68,36.72,288.87,85,1.31,44,22:48 04-10-2020
369,Panguna,PG,-6.32,155.48,298.47,74,1.42,73,22:48 04-10-2020
370,Jérémie,HT,18.65,-74.12,298.99,76,0.2,78,22:48 04-10-2020
371,Kruisfontein,ZA,-34.0,24.73,286.99,52,2.37,25,22:44 04-10-2020
372,Puerto del Rosario,ES,28.5,-13.86,292.15,72,6.2,62,22:48 04-10-2020
373,Huanren,CN,41.26,125.37,287.02,28,2.53,0,22:48 04-10-2020
374,Raja,SS,8.46,25.68,299.38,53,0.68,100,22:48 04-10-2020
375,Zinder,NE,13.81,8.99,302.52,13,4.17,100,22:48 04-10-2020
376,Zyryanka,RU,65.75,150.85,269.83,96,0.5,100,22:48 04-10-2020
377,Vaitape,PF,-16.52,-151.75,302.31,70,2.58,94,22:48 04-10-2020
378,Bulgan,MN,48.81,103.53,284.55,23,1.77,0,22:48 04-10-2020
379,San Policarpo,PH,12.18,125.51,301.4,68,3.37,34,22:48 04-10-2020
380,Kaka,TM,37.35,59.61,287.28,60,2.24,98,22:48 04-10-2020
381,Yenagoa,NG,4.92,6.26,298.7,90,0.37,31,22:48 04-10-2020
382,Lengshuitan,CN,26.41,111.6,286.14,81,4.3,99,22:48 04-10-2020
383,Coos Bay,US,43.37,-124.22,285.37,93,7.7,90,22:48 04-10-2020
384,Ruteng,ID,-8.61,120.47,297.79,49,1.35,65,22:48 04-10-2020
385,Souillac,MU,-20.52,57.52,298.15,83,3.1,40,22:42 04-10-2020
386,Alice Springs,AU,-23.7,133.88,301.15,13,4.1,16,22:48 04-10-2020
387,Bathsheba,BB,13.22,-59.52,299.15,78,5.1,40,22:48 04-10-2020
388,Bodden Town,KY,19.28,-81.25,299.82,75,1.51,93,22:48 04-10-2020
389,Khorramabad,IR,33.49,48.36,284.57,49,0.93,22,22:48 04-10-2020
390,Xai-Xai,MZ,-25.05,33.64,292.13,84,1.85,73,22:48 04-10-2020
391,Skibbereen,IE,51.55,-9.27,285.15,87,3.6,40,22:48 04-10-2020
392,Charlestown,AU,-32.95,151.67,298.71,38,10.8,0,22:48 04-10-2020
393,Myitkyina,MM,25.38,97.4,306.05,22,1.05,0,22:48 04-10-2020
394,Richards Bay,ZA,-28.78,32.04,293.83,83,6.39,3,22:47 04-10-2020
395,Acapulco de Juárez,MX,16.86,-99.89,299.15,94,3.6,40,22:48 04-10-2020
396,Nicolás Bravo,MX,18.45,-88.92,295.38,94,1.16,67,22:48 04-10-2020
397,Makakilo City,US,21.35,-158.09,301.15,57,5.1,1,22:48 04-10-2020
398,Păltiniş,RO,48.22,26.65,278.15,48,3.6,89,22:48 04-10-2020
399,Evanston,US,42.04,-87.69,280.37,56,1.5,40,22:44 04-10-2020
400,Itupiranga,BR,-5.13,-49.33,299.15,94,3.1,40,22:48 04-10-2020
401,Riverton,US,40.52,-111.94,289.15,47,1.64,1,22:48 04-10-2020
402,Kimbe,PG,-5.55,150.14,304.33,63,2.05,70,22:48 04-10-2020
403,Alofi,NU,-19.06,-169.92,301.15,65,2.6,9,22:48 04-10-2020
404,Zhigalovo,RU,54.81,105.16,282.21,60,1.3,76,22:48 04-10-2020
405,Pyatnitskoye,RU,50.42,37.83,276.86,72,4.44,78,22:48 04-10-2020
406,Fort Nelson,CA,58.81,-122.7,273.15,89,4.1,20,22:48 04-10-2020
407,Yei,SS,4.09,30.68,294.24,73,1.43,99,22:48 04-10-2020
408,Tungor,RU,53.38,142.96,273.23,94,2.48,0,22:48 04-10-2020
409,Poronaysk,RU,49.22,143.12,273.19,90,3.46,42,22:48 04-10-2020
410,Kemijärvi,FI,66.71,27.43,262.57,92,1.42,9,22:48 04-10-2020
411,Águas Vermelhas,BR,-15.75,-41.46,292.86,78,1.92,76,22:48 04-10-2020
412,Ouro Preto do Oeste,BR,-10.75,-62.22,295.88,90,0.58,76,22:48 04-10-2020
413,Port Augusta,AU,-32.5,137.77,293.15,59,8.2,90,22:48 04-10-2020
414,Waingapu,ID,-9.66,120.26,302.67,64,3.38,42,22:48 04-10-2020
415,La Santisima Trinidad,BO,-14.83,-64.9,292.69,65,1.46,12,22:48 04-10-2020
416,Poli,TZ,-3.33,36.8,294.15,88,2.07,75,22:48 04-10-2020
417,Margate,GB,51.38,1.39,287.04,93,4.1,31,22:44 04-10-2020
418,Kapoeta,SS,4.77,33.59,300.54,40,4.99,23,22:48 04-10-2020
419,Upington,ZA,-28.45,21.26,295.15,60,4.6,7,22:48 04-10-2020
420,Aykhal,RU,66.0,111.5,272.15,54,5.0,100,22:48 04-10-2020
421,Port-Gentil,GA,-0.72,8.78,300.67,83,5.6,100,22:48 04-10-2020
422,Kapit,MY,2.02,112.93,302.15,69,1.0,97,22:48 04-10-2020
423,Key West,US,24.56,-81.78,300.15,83,3.1,75,22:48 04-10-2020
424,Lucapa,AO,-8.42,20.74,291.15,74,0.99,63,22:48 04-10-2020
425,Codrington,AU,-38.27,141.97,286.75,58,12.18,85,22:48 04-10-2020
426,Malyn,UA,50.77,29.24,274.15,55,4.0,0,22:48 04-10-2020
427,Carutapera,BR,-1.2,-46.02,299.82,84,2.95,100,22:48 04-10-2020
428,Clyde River,CA,70.47,-68.59,257.15,91,8.7,75,22:48 04-10-2020
429,Suntar,RU,62.14,117.63,276.55,72,2.13,100,22:48 04-10-2020
430,Ribeira Grande,PT,38.52,-28.7,289.56,73,2.1,97,22:48 04-10-2020
431,Goundam,ML,16.41,-3.67,300.64,19,2.32,0,22:48 04-10-2020
432,Mazamari,PE,-11.33,-74.53,295.64,63,0.83,90,22:48 04-10-2020
433,Dmitriyevskoye,RU,45.81,41.9,279.19,70,4.16,1,22:48 04-10-2020
434,The Pas,CA,53.83,-101.25,272.15,63,7.7,90,22:48 04-10-2020
435,Winsford,GB,53.18,-2.52,287.15,67,2.1,100,22:48 04-10-2020
436,Bull Savanna,JM,17.89,-77.59,296.71,80,1.28,94,22:48 04-10-2020
437,Mwense,ZM,-10.38,28.7,290.76,68,2.45,91,22:48 04-10-2020
438,Khovd,MN,48.01,91.64,280.99,29,2.18,92,22:48 04-10-2020
439,High Level,CA,58.52,-117.14,271.15,42,6.2,40,22:48 04-10-2020
440,Chapais,CA,49.78,-74.85,273.15,95,3.1,90,22:48 04-10-2020
441,Sangmélima,CM,2.93,11.98,293.72,81,1.51,100,22:48 04-10-2020
442,Abnūb,EG,27.27,31.15,286.15,54,5.1,0,22:48 04-10-2020
443,Acarí,PE,-15.43,-74.62,296.19,69,1.51,55,22:48 04-10-2020
444,Salinas,US,36.68,-121.66,289.82,71,6.2,20,22:47 04-10-2020
445,Smidovich,RU,48.6,133.82,282.18,42,4.54,0,22:48 04-10-2020
446,Tashtagol,RU,52.77,87.89,275.61,73,0.87,0,22:48 04-10-2020
447,Ishigaki,JP,24.34,124.16,298.15,69,4.1,20,22:48 04-10-2020
448,Houndé,BF,11.5,-3.52,301.37,52,2.46,27,22:48 04-10-2020
449,Klæbu,NO,63.3,10.48,273.15,92,4.1,98,22:48 04-10-2020
450,Turaif,SA,31.67,38.66,281.15,100,4.1,0,22:48 04-10-2020
451,Bucerías,MX,20.75,-105.33,298.15,78,2.1,40,22:48 04-10-2020
452,Svetlaya,RU,46.54,138.33,273.95,87,3.24,50,22:48 04-10-2020
453,Yaan,NG,7.38,8.57,299.02,78,0.6,100,22:48 04-10-2020
454,Banda Aceh,ID,5.56,95.32,302.9,69,3.55,28,22:46 04-10-2020
455,Leshukonskoye,RU,64.9,45.76,264.81,94,1.15,20,22:48 04-10-2020
456,Saint-Augustin,CA,51.23,-58.65,270.95,98,3.87,100,22:48 04-10-2020
457,Nemuro,JP,43.32,145.57,275.15,55,4.6,40,22:48 04-10-2020
458,Idrinskoye,RU,54.37,92.14,275.2,73,0.93,0,22:48 04-10-2020
459,Wanxian,CN,30.8,108.39,292.76,54,2.33,100,22:48 04-10-2020
460,Port-Cartier,CA,50.03,-66.87,274.26,86,4.6,75,22:48 04-10-2020
461,Wāris Alīganj,IN,25.02,85.63,306.04,12,2.51,0,22:48 04-10-2020
462,Nuuk,GL,64.18,-51.72,272.15,80,1.5,100,22:48 04-10-2020
463,Aleksandrov Gay,RU,50.15,48.57,277.67,64,3.84,51,22:48 04-10-2020
464,Vredendal,ZA,-31.67,18.5,287.01,87,1.13,14,22:48 04-10-2020
465,Qasigiannguit,GL,68.82,-51.19,272.15,46,4.6,96,22:48 04-10-2020
466,Nexø,DK,55.06,15.13,273.15,75,1.5,0,22:48 04-10-2020
467,Grindavik,IS,63.84,-22.43,278.15,93,4.1,90,22:48 04-10-2020
468,Tynda,RU,55.17,124.72,278.82,60,2.13,61,22:48 04-10-2020
469,Kattivākkam,IN,13.22,80.32,302.59,88,1.5,40,22:48 04-10-2020
470,Sakaiminato,JP,35.55,133.23,286.15,37,1.5,75,22:48 04-10-2020
471,Greater Sudbury,CA,46.49,-80.99,271.48,74,3.1,5,22:43 04-10-2020
472,Adrar,MR,20.5,-10.07,298.18,17,5.12,0,22:48 04-10-2020
473,Presidencia Roque Sáenz Peña,AR,-26.79,-60.44,287.05,68,1.98,0,22:48 04-10-2020
474,Sena Madureira,BR,-9.07,-68.66,297.17,82,0.63,100,22:48 04-10-2020
475,Koryazhma,RU,61.31,47.17,268.77,95,2.3,18,22:48 04-10-2020
476,Barquisimeto,VE,10.07,-69.32,299.04,55,2.09,100,22:48 04-10-2020
477,Am Timan,TD,11.03,20.28,302.38,37,1.43,98,22:46 04-10-2020
478,Sumbe,AO,-11.21,13.84,298.07,91,3.0,97,22:48 04-10-2020
479,Hell,NO,63.45,10.9,273.15,92,4.1,83,22:48 04-10-2020
480,Havre-St-Pierre,CA,50.23,-63.6,272.15,86,8.2,90,22:44 04-10-2020
481,Oliver,CA,49.18,-119.55,287.15,50,2.1,75,22:46 04-10-2020
482,Kikwit,CD,-5.04,18.82,294.36,79,1.2,83,22:48 04-10-2020
483,Lander,US,42.83,-108.73,287.15,30,7.2,75,22:48 04-10-2020
484,Gamboula,CF,4.12,15.14,294.7,79,0.18,100,22:48 04-10-2020
485,Parkes,AU,-33.13,148.18,294.26,54,1.34,11,22:48 04-10-2020
486,Pangkalanbuun,ID,-2.68,111.62,304.23,67,1.11,86,22:48 04-10-2020
487,Semnan,IR,35.57,53.4,285.28,50,1.39,78,22:48 04-10-2020
488,Maku,IR,39.29,44.45,278.33,51,0.54,96,22:48 04-10-2020
489,Klyuchi,RU,52.27,79.17,279.46,55,3.25,0,22:48 04-10-2020
490,Gurun,MY,5.82,100.47,304.15,74,3.1,20,22:48 04-10-2020
491,Mapiripán,CO,2.89,-72.13,294.95,91,0.44,96,22:48 04-10-2020
492,Boende,CD,-0.22,20.87,295.61,86,0.78,100,22:48 04-10-2020
493,Cam Ranh,VN,11.92,109.16,304.15,70,2.6,20,22:48 04-10-2020
494,Grand Haven,US,43.06,-86.23,275.37,69,1.5,75,22:48 04-10-2020
495,Visby,SE,57.64,18.3,269.15,92,1.5,0,22:48 04-10-2020
496,São Mateus,BR,-18.72,-39.86,296.05,88,2.76,38,22:48 04-10-2020
497,Mweka,CD,-4.85,21.57,293.55,85,0.78,92,22:48 04-10-2020
498,Khovu-Aksy,RU,51.13,93.6,274.85,49,1.69,7,22:48 04-10-2020
499,Vila Velha,BR,-20.33,-40.29,296.15,94,1.5,90,22:48 04-10-2020
500,Parry Sound,CA,45.35,-80.03,275.37,85,5.81,29,22:48 04-10-2020
501,Cap Malheureux,MU,-19.98,57.61,298.15,83,3.1,40,22:42 04-10-2020
502,Youkounkoun,GN,12.53,-13.13,297.15,73,3.41,0,22:48 04-10-2020
503,Speedway,US,39.8,-86.27,280.37,52,3.6,75,22:48 04-10-2020
504,Vila Franca do Campo,PT,37.72,-25.43,288.15,72,4.1,20,22:48 04-10-2020
505,San Juan,AR,-31.54,-68.54,293.89,38,3.9,0,22:48 04-10-2020
506,Bilibino,RU,68.05,166.44,261.39,82,1.88,100,22:48 04-10-2020
507,Kalmar,SE,56.66,16.36,275.37,92,1.0,0,22:45 04-10-2020
508,Lufilufi,WS,-13.87,-171.6,303.15,84,4.05,90,22:48 04-10-2020
509,Houston,US,29.76,-95.36,294.26,60,3.1,90,22:46 04-10-2020
510,Praia da Vitória,PT,38.73,-27.07,286.15,100,4.3,36,22:48 04-10-2020
511,Santa Maria,BR,-29.68,-53.81,286.15,93,0.5,40,22:46 04-10-2020
512,Taywarah,AF,33.35,64.42,279.19,41,1.65,100,22:48 04-10-2020
513,Rexburg,US,43.83,-111.79,289.15,36,6.2,75,22:48 04-10-2020
514,São João da Barra,BR,-21.64,-41.05,295.19,82,0.93,100,22:48 04-10-2020
515,Puerto Escondido,MX,15.85,-97.07,299.85,71,1.47,12,22:48 04-10-2020
516,Tabou,CI,4.42,-7.35,299.48,84,1.55,50,22:48 04-10-2020
517,Sept-Îles,CA,50.2,-66.38,274.26,86,4.6,75,22:48 04-10-2020
518,Asău,RO,46.43,26.4,276.15,59,1.0,98,22:48 04-10-2020
519,Bereda,ES,43.27,-7.54,286.15,100,0.8,75,22:48 04-10-2020
520,Vitim,RU,59.45,112.56,280.15,74,0.76,98,22:48 04-10-2020
521,Saint-Joseph,RE,-21.37,55.62,298.15,73,4.1,42,22:48 04-10-2020
522,Tuy Hoa,VN,13.08,109.3,301.94,67,1.87,77,22:48 04-10-2020
523,Farsund,NO,58.09,6.8,279.26,84,1.23,100,22:48 04-10-2020
524,Ottawa,CA,45.41,-75.7,275.93,59,6.7,20,22:48 04-10-2020
525,Kamenka,RU,51.32,42.77,279.82,81,1.79,92,22:48 04-10-2020
526,Sotouboua,TG,8.57,0.98,299.07,52,0.72,100,22:48 04-10-2020
527,Atar,MR,20.52,-13.05,299.1,19,4.9,0,22:48 04-10-2020
528,Pakokku,MM,21.33,95.1,306.28,26,3.47,79,22:48 04-10-2020
529,Laguna de Perlas,NI,12.34,-83.67,299.44,81,3.48,59,22:48 04-10-2020
530,Nabire,ID,-3.37,135.48,304.7,60,2.17,51,22:44 04-10-2020
531,Mustvee,EE,58.85,26.94,272.15,92,4.1,1,22:48 04-10-2020
532,Pathein,MM,16.78,94.73,304.95,49,3.77,84,22:48 04-10-2020
533,Vestmannaeyjar,IS,63.44,-20.27,279.46,90,2.8,100,22:48 04-10-2020
534,Broome,US,42.25,-75.83,275.37,69,6.7,75,22:48 04-10-2020
535,Dali,CN,25.7,100.18,294.01,18,1.6,0,22:48 04-10-2020
536,Bujaru,BR,-1.51,-48.04,298.15,94,1.5,100,22:48 04-10-2020
537,Nouadhibou,MR,20.93,-17.03,294.15,68,11.3,0,22:48 04-10-2020
538,Namatanai,PG,-3.67,152.43,302.46,69,2.37,56,22:48 04-10-2020
539,Totskoye,RU,52.52,52.76,277.28,69,3.69,0,22:48 04-10-2020
540,San Luis,AR,-33.3,-66.34,289.44,43,7.43,0,22:48 04-10-2020
541,Victor Harbor,AU,-35.57,138.62,292.59,48,9.3,40,22:48 04-10-2020
542,Chino Valley,US,34.76,-112.45,288.15,40,2.6,1,22:48 04-10-2020
543,Kananga,CD,-5.9,22.42,293.48,81,1.44,71,22:45 04-10-2020
544,Bonavista,CA,48.65,-53.11,274.26,85,0.89,72,22:48 04-10-2020
545,Stokmarknes,NO,68.56,14.91,273.15,84,1.34,100,22:48 04-10-2020
546,Teknāf,BD,20.86,92.31,303.28,57,1.35,6,22:48 04-10-2020
547,Bose,IT,45.46,8.01,287.59,44,2.1,0,22:48 04-10-2020
548,Omboué,GA,-1.57,9.26,299.7,88,3.6,98,22:48 04-10-2020
549,Eureka,US,40.8,-124.16,285.93,81,6.2,90,22:47 04-10-2020
550,Padang,ID,-0.95,100.35,304.45,58,0.28,69,22:48 04-10-2020
551,Kinablangan,PH,7.69,126.55,302.67,60,3.94,36,22:48 04-10-2020
552,Ondjiva,AO,-17.07,15.73,291.69,65,2.98,94,22:48 04-10-2020
553,Ludvika,SE,60.15,15.19,272.15,63,2.6,0,22:48 04-10-2020
554,Buriti Bravo,BR,-5.84,-43.83,295.99,90,0.72,91,22:48 04-10-2020
555,Camopi,GF,3.17,-52.32,296.28,95,0.7,100,22:48 04-10-2020
556,Lianzhou,CN,24.78,112.38,291.31,80,3.25,100,22:48 04-10-2020
557,Hamada,JP,34.88,132.08,289.82,57,2.6,75,22:48 04-10-2020
558,Kpandae,GH,8.47,-0.01,300.2,55,0.9,98,22:47 04-10-2020
559,Dongsheng,CN,39.82,109.98,278.67,28,5.09,0,22:48 04-10-2020
560,Ylivieska,FI,64.08,24.55,273.15,91,1.79,9,22:48 04-10-2020
561,Suicheng,CN,33.9,117.93,283.15,84,4.85,82,22:48 04-10-2020
562,Manresa,ES,41.73,1.83,285.93,93,1.5,86,22:48 04-10-2020
563,Kuytun,RU,54.34,101.5,275.9,77,4.09,100,22:48 04-10-2020
564,Bontang,ID,0.13,117.5,302.73,64,4.44,93,22:48 04-10-2020
